Date,strategy_returns,cumulative,regime_vol,regime_dev,regime_hl,regime_coint,regime_hurst,regime_joint,half_life,hurst
2022-03-14,,,,,,,,,,
2022-03-15,0.0,1.0,0.0,1.0,0.0,0.0,0.0,0.0,,
2022-03-16,-0.0,1.0,0.0,1.0,0.0,0.0,0.0,0.0,,
2022-03-17,0.0,1.0,0.0,1.0,0.0,0.0,0.0,0.0,,
2022-03-18,-0.0,1.0,0.0,1.0,0.0,0.0,0.0,0.0,,
2022-03-21,0.0,1.0,0.0,1.0,0.0,0.0,0.0,0.0,,
2022-03-22,0.0,1.0,0.0,1.0,0.0,0.0,0.0,0.0,,
2022-03-23,-0.0,1.0,0.0,1.0,0.0,0.0,0.0,0.0,,
2022-03-24,0.0,1.0,0.0,1.0,0.0,0.0,0.0,0.0,,
2022-03-25,0.0,1.0,0.0,1.0,0.0,0.0,0.0,0.0,,
2022-03-28,0.0,1.0,0.0,1.0,0.0,0.0,0.0,0.0,,
2022-03-29,-0.0,1.0,0.0,1.0,0.0,0.0,0.0,0.0,,
2022-03-30,0.0,1.0,0.0,1.0,0.0,0.0,0.0,0.0,,
2022-03-31,-0.0,1.0,0.0,1.0,0.0,0.0,0.0,0.0,,
2022-04-01,0.0,1.0,0.0,1.0,0.0,0.0,0.0,0.0,,
2022-04-04,-0.0,1.0,0.0,1.0,0.0,0.0,0.0,0.0,,
2022-04-05,-0.0,1.0,0.0,1.0,0.0,0.0,0.0,0.0,,
2022-04-06,0.0,1.0,0.0,1.0,0.0,0.0,0.0,0.0,,
2022-04-07,0.0,1.0,0.0,1.0,0.0,0.0,0.0,0.0,,
2022-04-08,0.0,1.0,0.0,1.0,0.0,0.0,0.0,0.0,,
2022-04-11,0.0,1.0,0.0,1.0,0.0,0.0,0.0,0.0,,
2022-04-12,0.0,1.0,0.0,1.0,0.0,0.0,0.0,0.0,,
2022-04-13,-0.0031015529233357833,0.9968984470766642,0.0,1.0,0.0,0.0,0.0,0.0,,
2022-04-14,-0.006200894334164013,0.9907167851444496,0.0,1.0,0.0,0.0,0.0,0.0,,
2022-04-18,0.006590872899157645,0.9972464735543988,0.0,1.0,0.0,0.0,0.0,0.0,,
2022-04-19,-0.005838949894973877,0.9914236013623752,0.0,1.0,0.0,0.0,0.0,0.0,,
2022-04-20,-0.00965555188480411,0.9818508593396014,0.0,1.0,0.0,0.0,0.0,0.0,,
2022-04-21,-0.00476172378358321,0.9771755567507524,0.0,1.0,0.0,0.0,0.0,0.0,,
2022-04-22,0.010336381220020101,0.9872760158242135,0.0,1.0,0.0,0.0,0.0,0.0,,
2022-04-25,-0.0080755667586708,0.9793032024491906,0.0,1.0,0.0,0.0,0.0,0.0,,
2022-04-26,0.012811693655931693,0.9918497350752424,0.0,1.0,0.0,0.0,0.0,0.0,,
2022-04-27,-0.005419835956668378,0.9864740722174696,0.0,1.0,0.0,0.0,0.0,0.0,,
2022-04-28,-0.005508546705708441,0.9810400337166894,0.0,1.0,0.0,0.0,0.0,0.0,,
2022-04-29,0.01504414950253802,0.9957989466518982,0.0,1.0,0.0,0.0,0.0,0.0,,
2022-05-02,0.011884108854258911,1.0076331297308658,0.0,1.0,0.0,0.0,0.0,0.0,,
2022-05-03,0.006045540659586808,1.0137248167866004,0.0,1.0,0.0,0.0,0.0,0.0,,
2022-05-04,-0.0214578653335218,0.9919724461827445,0.0,1.0,0.0,0.0,0.0,0.0,,
2022-05-05,0.0025955783866881453,0.9945471884242467,0.0,1.0,0.0,0.0,0.0,0.0,,
2022-05-06,-0.0035334556008186128,0.9910330000910307,0.0,1.0,0.0,0.0,0.0,0.0,,
2022-05-09,0.004056182220673159,0.9950528105261002,0.0,1.0,0.0,0.0,0.0,0.0,,
2022-05-10,0.008955625371705495,1.0039641307222347,0.0,1.0,0.0,0.0,0.0,0.0,,
2022-05-11,-0.0059962375822128775,0.9979441232704043,0.0,1.0,0.0,0.0,0.0,0.0,,
2022-05-12,-0.003522365250457434,0.9944289995686983,0.0,1.0,0.0,0.0,0.0,0.0,,
2022-05-13,-0.013484737869907172,0.9810193851792803,0.0,1.0,0.0,0.0,0.0,0.0,,
2022-05-16,-0.0009260817053855846,0.9801108810740372,1.0,1.0,0.0,0.0,0.0,0.0,,
2022-05-17,0.0011716213266567018,0.9812591998847917,1.0,1.0,0.0,0.0,0.0,0.0,,
2022-05-18,0.05285949866266197,1.0331280692488267,1.0,1.0,0.0,0.0,0.0,0.0,,
2022-05-19,0.015556987330103425,1.0492004295325048,1.0,1.0,0.0,0.0,0.0,0.0,,
2022-05-20,-0.014638042795241236,1.0338421887442224,1.0,1.0,0.0,0.0,0.0,0.0,,
2022-05-23,-0.025174714034895976,1.0078155072853756,1.0,1.0,0.0,0.0,0.0,0.0,,
2022-05-24,-0.014826228494869219,0.9928734042936901,1.0,1.0,0.0,0.0,0.0,0.0,,
2022-05-25,0.0010731736476787804,0.9939389298666592,1.0,1.0,0.0,0.0,0.0,0.0,,
2022-05-26,-0.0017642359844034401,0.992185387040289,1.0,1.0,0.0,0.0,0.0,0.0,,
2022-05-27,-0.0032693284087302915,0.9889416071677112,1.0,1.0,0.0,0.0,0.0,0.0,,
2022-05-31,0.013766221615456231,1.0025555964967272,1.0,1.0,0.0,0.0,0.0,0.0,,
2022-06-01,0.002858864942287503,1.0054217675442458,1.0,1.0,0.0,0.0,0.0,0.0,,
2022-06-02,-0.008271765833661487,0.9971051541190538,1.0,1.0,0.0,0.0,0.0,0.0,,
2022-06-03,0.008954531787523751,1.0060337639171166,1.0,1.0,0.0,0.0,0.0,0.0,,
2022-06-06,0.0027208190094934847,1.0087709997061745,1.0,1.0,0.0,0.0,0.0,0.0,,
2022-06-07,-0.00437700886500424,1.0043556000977014,1.0,1.0,0.0,0.0,0.0,0.0,,
2022-06-08,0.004343149482783599,1.0087176666027966,1.0,1.0,0.0,0.0,0.0,0.0,,
2022-06-09,0.012515495552125054,1.0213422680725137,1.0,1.0,1.0,0.0,1.0,1.0,5.132647023435411,0.2291537937763001
2022-06-10,0.00587842929666883,1.0273461563830775,1.0,1.0,1.0,0.0,1.0,1.0,5.162248459108807,0.2364223480901593
2022-06-13,-0.0034888771057207495,1.0237618718984223,1.0,1.0,0.0,0.0,1.0,0.0,4.6769080334921025,0.24490128990364757
2022-06-14,0.021290327575831117,1.0455580975107859,1.0,1.0,0.0,1.0,1.0,0.0,4.827975064807534,0.2514350076654152
2022-06-15,-0.004534387936658787,1.040817131486357,1.0,1.0,0.0,1.0,1.0,0.0,4.023271542501503,0.2552300501213269
2022-06-16,0.008752005775012738,1.0499263690318579,1.0,1.0,0.0,1.0,1.0,0.0,4.244359162190733,0.25709311781817
2022-06-17,-0.006042989837070248,1.0435816746541262,1.0,1.0,0.0,1.0,1.0,0.0,3.9367933226880405,0.257849644061893
2022-06-21,-0.015081138406508715,1.0278432749801711,1.0,1.0,0.0,1.0,1.0,0.0,3.7636537627213955,0.2584517569504446
2022-06-22,-0.005191008092815538,1.022507732221603,1.0,1.0,0.0,1.0,1.0,0.0,3.676854110285447,0.2562136185648028
2022-06-23,-0.008480943486791475,1.0138359019298242,1.0,1.0,0.0,1.0,1.0,0.0,3.685709808393256,0.24650942751289165
2022-06-24,-0.015398869001014892,0.998223975687481,1.0,1.0,0.0,1.0,1.0,0.0,3.7297368593589537,0.2361494903735984
2022-06-27,0.002420743727721445,1.0006404201154877,1.0,1.0,0.0,1.0,1.0,0.0,3.463008050949322,0.22404039072367754
2022-06-28,0.006207932398987861,1.0068523281992594,1.0,1.0,0.0,1.0,1.0,0.0,3.3215453252319604,0.19024611101811212
2022-06-29,-0.002737923164544814,1.0040956438866069,1.0,1.0,0.0,1.0,1.0,0.0,3.1257685390127103,0.1630974163858808
2022-06-30,-0.002982969058127662,1.0011004576494924,1.0,1.0,0.0,1.0,1.0,0.0,3.1091412027925935,0.1347301821602279
2022-07-01,-0.018934142413675525,0.9821454790139612,1.0,1.0,0.0,1.0,1.0,0.0,2.885287124501827,0.11416918733026428
2022-07-05,0.01647896791647005,0.9983302228519384,1.0,1.0,0.0,1.0,1.0,0.0,2.665476952168944,0.08873973278455259
2022-07-06,0.0006512298176563455,0.9989803652609272,1.0,1.0,0.0,1.0,1.0,0.0,2.4261272487590433,0.07115810716443438
2022-07-07,0.007346346233668909,1.0063192209047709,1.0,1.0,0.0,1.0,1.0,0.0,2.12549895422163,0.04611584201849075
2022-07-08,-0.0012417320022830285,1.005069642123661,1.0,1.0,0.0,1.0,1.0,0.0,2.097266118290417,0.018245431493696316
2022-07-11,0.0009476797596770525,1.0060221262805673,1.0,1.0,0.0,1.0,1.0,0.0,2.153435880700623,-0.008348282531459505
2022-07-12,0.002750187494934004,1.008788875751891,1.0,1.0,0.0,1.0,1.0,0.0,2.4408854309387484,-0.02898807692507026
2022-07-13,0.005585058030747427,1.0144230201637379,1.0,1.0,0.0,1.0,1.0,0.0,2.5282654381586367,-0.032625703563954146
2022-07-14,0.004606173852201797,1.0190956289542876,1.0,1.0,0.0,1.0,1.0,0.0,2.6315355437164856,-0.033504014251330205
2022-07-15,-0.004924786947970486,1.0140768001020797,1.0,1.0,0.0,1.0,1.0,0.0,2.9545535289407017,-0.0334485371929889
2022-07-18,0.009077593497439218,1.0232821770685903,1.0,1.0,0.0,1.0,1.0,0.0,3.5617122443833362,-0.026782057999446628
2022-07-19,-0.01137959853651816,1.0116376367039754,1.0,1.0,0.0,1.0,1.0,0.0,3.486392808799241,-0.017731906961166916
2022-07-20,0.013608054373387087,1.0254040566704081,1.0,1.0,0.0,1.0,1.0,0.0,3.5237416086401643,-0.005191880778210777
2022-07-21,0.002678516720309693,1.0281506185812732,1.0,1.0,0.0,1.0,1.0,0.0,3.374277435901056,-0.0051247797680588165
2022-07-22,-0.0019820270847169617,1.0261127962080767,1.0,1.0,0.0,0.0,1.0,0.0,3.5406461908041638,0.0030590167873155477
2022-07-25,-0.009359010518472157,1.0165093957552265,1.0,1.0,0.0,0.0,1.0,0.0,4.593234798645196,0.016137237122340883
2022-07-26,-0.013246865505243361,1.0030438325048407,1.0,1.0,0.0,0.0,1.0,0.0,4.974752123114827,0.04753770124616127
2022-07-27,0.002786129410403528,1.0058384424265063,1.0,1.0,0.0,0.0,1.0,0.0,4.423695220776968,0.05332761047583177
2022-07-28,-0.011538806208139508,0.9942322675626499,1.0,1.0,0.0,0.0,1.0,0.0,4.09590029128961,0.04207852079726903
2022-07-29,-0.001531445017442005,0.9927096555103111,1.0,1.0,0.0,0.0,1.0,0.0,4.19024775265189,0.03717295523818278
2022-08-01,-0.0023766780195971426,0.9903503042922178,1.0,1.0,0.0,0.0,1.0,0.0,4.272699677205757,0.030167439631612624
2022-08-02,0.011406462442101892,1.0016466978426513,1.0,1.0,0.0,0.0,1.0,0.0,4.232735616516113,0.023421021260407668
2022-08-03,-0.002333409038854593,0.9993094463841664,1.0,1.0,0.0,0.0,1.0,0.0,4.125969706138114,0.019536206625479332
2022-08-04,0.0024421952180196495,1.0017499551354476,1.0,1.0,0.0,0.0,1.0,0.0,4.102760853167311,0.016313477976647086
2022-08-05,0.0025236258396089725,1.0042779972070546,1.0,1.0,0.0,0.0,1.0,0.0,4.499827959701134,0.017869440451109015
2022-08-08,0.005383821037350468,1.009684850215766,1.0,1.0,0.0,0.0,1.0,0.0,4.90627339242117,0.016559314279106955
2022-08-09,-0.0002587282093155956,1.0094236162624965,1.0,1.0,0.0,0.0,1.0,0.0,4.832979225490585,0.015178039340922801
2022-08-10,-0.007283422156050392,1.0020715579309698,1.0,1.0,0.0,0.0,1.0,0.0,4.833175909861231,0.02013676827337967
2022-08-11,0.005371557477806331,1.007454242901271,1.0,1.0,0.0,0.0,1.0,0.0,4.576469391183856,0.02925912448735171
2022-08-12,-0.004052472989563686,1.0033715617936922,1.0,1.0,0.0,0.0,1.0,0.0,4.467547971797786,0.048610655395256705
2022-08-15,-0.009583427395796838,0.993755823280235,1.0,1.0,0.0,0.0,1.0,0.0,4.373644523091231,0.0739931869166544
2022-08-16,-0.006647215879497122,0.987150113791384,0.0,1.0,1.0,0.0,1.0,1.0,7.357469152189319,0.1030131421129924
2022-08-17,0.0021563835059661123,0.9892787880146763,0.0,1.0,1.0,0.0,1.0,1.0,6.727489324184792,0.10966004443260526
2022-08-18,-0.00497026784008105,0.9843618074697326,0.0,1.0,1.0,0.0,1.0,1.0,7.326118401832594,0.15081509649561003
2022-08-19,0.0004219102235172145,0.984777119779944,0.0,1.0,1.0,0.0,1.0,1.0,7.652182693606231,0.18842576628428223
2022-08-22,0.012300918348063839,0.9968907827213985,0.0,1.0,1.0,0.0,1.0,1.0,6.157794520204025,0.19174481949412006
2022-08-23,-0.0012116491313296435,0.9956829008704836,0.0,1.0,1.0,0.0,1.0,1.0,6.286904257617711,0.18166839794432865
2022-08-24,-5.027229481608547e-05,0.9956328456061476,0.0,1.0,1.0,0.0,1.0,1.0,6.4459316175121915,0.17557179380452745
2022-08-25,-0.004801587707240638,0.9908522271737602,0.0,1.0,1.0,0.0,1.0,1.0,6.16892637630609,0.17072779123913837
2022-08-26,0.017737787699947695,1.0084277536213886,0.0,1.0,1.0,0.0,1.0,1.0,6.5545101453483445,0.1666095403508289
2022-08-29,0.005170902600967792,1.0136422353154777,0.0,1.0,1.0,0.0,1.0,1.0,5.876652723908073,0.16482350572111756
2022-08-30,0.006920021128699677,1.0206566610008032,0.0,1.0,1.0,0.0,1.0,1.0,5.499079614626284,0.16102229256521394
2022-08-31,0.005953317041009315,1.026732953693759,0.0,1.0,1.0,0.0,1.0,1.0,6.061583442323085,0.15952115339034798
2022-09-01,-0.0019638087372878007,1.0247166465484339,0.0,0.0,1.0,0.0,1.0,1.0,6.934452850622104,0.14886016044716335
2022-09-02,0.01028136846591432,1.0352521359647542,0.0,0.0,1.0,0.0,1.0,1.0,7.390409260028137,0.13304315196316474
2022-09-06,-0.002314185285282419,1.0328563707051475,0.0,0.0,1.0,0.0,1.0,1.0,8.48620033129127,0.12717858781955155
2022-09-07,-0.01249970031708248,1.0199459756007436,0.0,0.0,1.0,0.0,1.0,1.0,11.557476136320224,0.12417479279808907
2022-09-08,0.0021433870120119137,1.0221321145578002,0.0,0.0,1.0,0.0,1.0,1.0,10.112141999500668,0.11732821621435625
2022-09-09,-0.002357739411358039,1.0197221933876925,0.0,0.0,1.0,0.0,1.0,1.0,8.586811234684784,0.1008871823461583
2022-09-12,-0.0018260256264165755,1.0178601545307409,0.0,0.0,1.0,0.0,1.0,1.0,11.668018437033453,0.10796011960522162
2022-09-13,0.022381610825186644,1.0406415043839123,0.0,0.0,1.0,0.0,1.0,1.0,11.479899569708746,0.10310742917907526
2022-09-14,-0.003239021080327977,1.0372708446141485,0.0,0.0,1.0,0.0,1.0,1.0,12.798129425769837,0.10238823748006017
2022-09-15,0.009095700264721323,1.0467055493100932,0.0,0.0,1.0,0.0,1.0,1.0,14.646411357741021,0.11886769878122333
2022-09-16,0.001610110532576772,1.0483908609395438,0.0,0.0,1.0,0.0,1.0,1.0,13.756109090941104,0.137585066096176
2022-09-19,-0.004705815081964198,1.043457327414341,0.0,0.0,1.0,0.0,1.0,1.0,13.601133567632411,0.15610959644138958
2022-09-20,0.0018048538216002665,1.0453406153594016,0.0,0.0,1.0,0.0,1.0,1.0,14.595888170806138,0.1788867418204894
2022-09-21,0.007578419429368264,1.053262644989149,0.0,0.0,1.0,0.0,1.0,1.0,10.561115641503779,0.1874509350679527
2022-09-22,-0.0,1.053262644989149,0.0,0.0,1.0,0.0,1.0,1.0,11.777011290495542,0.167020637880754
2022-09-23,-0.0,1.053262644989149,0.0,0.0,1.0,0.0,1.0,1.0,13.876175321580902,0.1597509793829872
2022-09-26,-0.0,1.053262644989149,0.0,0.0,1.0,0.0,1.0,1.0,19.535338767686202,0.15779910588236193
2022-09-27,-0.0,1.053262644989149,0.0,0.0,1.0,0.0,1.0,1.0,38.54210908609668,0.17555595281891873
2022-09-28,0.0,1.053262644989149,0.0,0.0,1.0,0.0,1.0,1.0,46.632879067398726,0.1844610254703461
2022-09-29,-0.0,1.053262644989149,0.0,0.0,0.0,0.0,1.0,0.0,,0.22163867463270975
2022-09-30,-0.0,1.053262644989149,0.0,0.0,0.0,0.0,1.0,0.0,,0.26349303263974927
2022-10-03,0.0,1.053262644989149,0.0,0.0,0.0,0.0,1.0,0.0,,0.303943710080871
2022-10-04,-0.0,1.053262644989149,0.0,0.0,0.0,0.0,1.0,0.0,,0.32554607615916903
2022-10-05,-0.0,1.053262644989149,0.0,0.0,0.0,0.0,1.0,0.0,,0.34022546141798826
2022-10-06,-0.0,1.053262644989149,0.0,0.0,0.0,0.0,1.0,0.0,,0.36994098017980437
2022-10-07,-0.0,1.053262644989149,0.0,0.0,0.0,0.0,1.0,0.0,,0.4022258014909691
2022-10-10,-0.0,1.053262644989149,0.0,1.0,0.0,0.0,1.0,0.0,,0.42610905085760165
2022-10-11,0.0,1.053262644989149,0.0,1.0,0.0,0.0,1.0,0.0,,0.445753160394301
2022-10-12,0.0,1.053262644989149,0.0,1.0,0.0,0.0,0.0,0.0,,0.4647112434235545
2022-10-13,0.0,1.053262644989149,0.0,1.0,0.0,0.0,0.0,0.0,,0.4789940285497851
2022-10-14,-0.0,1.053262644989149,0.0,1.0,0.0,0.0,0.0,0.0,,0.4931804938350095
2022-10-17,0.0,1.053262644989149,1.0,1.0,0.0,0.0,0.0,0.0,,0.487598164670298
2022-10-18,0.0,1.053262644989149,1.0,1.0,0.0,0.0,0.0,0.0,,0.5034059951286758
2022-10-19,-0.0,1.053262644989149,1.0,1.0,0.0,0.0,0.0,0.0,,0.5230916500053339
2022-10-20,-0.0,1.053262644989149,0.0,1.0,0.0,0.0,0.0,0.0,,0.5248803913382198
2022-10-21,0.0,1.053262644989149,0.0,1.0,0.0,0.0,0.0,0.0,,0.5205159377106064
2022-10-24,0.0,1.053262644989149,1.0,1.0,0.0,0.0,0.0,0.0,,0.5177343378846353
2022-10-25,0.0,1.053262644989149,1.0,1.0,0.0,0.0,0.0,0.0,,0.5058405041299857
2022-10-26,0.0,1.053262644989149,1.0,1.0,0.0,0.0,0.0,0.0,,0.48294074169670936
2022-10-27,0.0,1.053262644989149,1.0,0.0,0.0,0.0,1.0,0.0,81.75485020882776,0.4228610448157322
2022-10-28,0.0,1.053262644989149,1.0,0.0,0.0,0.0,1.0,0.0,64.45422494263829,0.37216033514938834
2022-10-31,-0.0,1.053262644989149,1.0,0.0,1.0,0.0,1.0,1.0,52.80459100843813,0.3471424543607317
2022-11-01,-0.0,1.053262644989149,1.0,1.0,1.0,0.0,1.0,1.0,41.875753388602895,0.3423927796883019
2022-11-02,-0.0,1.053262644989149,1.0,1.0,1.0,0.0,1.0,1.0,54.64202505548309,0.3492607448947758
2022-11-03,0.0,1.053262644989149,1.0,1.0,1.0,0.0,1.0,1.0,52.20968500362392,0.3625150520410791
2022-11-04,0.0,1.053262644989149,1.0,1.0,1.0,0.0,1.0,1.0,45.96926630536487,0.380250747702333
2022-11-07,0.0,1.053262644989149,1.0,0.0,1.0,0.0,1.0,1.0,44.52515491023425,0.40577666118807354
2022-11-08,0.0,1.053262644989149,1.0,1.0,1.0,0.0,1.0,1.0,40.57751981547062,0.4366482400025649
2022-11-09,-0.0,1.053262644989149,1.0,1.0,1.0,0.0,0.0,0.0,35.12632290736719,0.4687666753814224
2022-11-10,0.0,1.053262644989149,1.0,1.0,1.0,0.0,0.0,0.0,29.51033613027263,0.49963669942761724
2022-11-11,0.0,1.053262644989149,1.0,0.0,1.0,0.0,0.0,0.0,30.257151873009313,0.5241187341401373
2022-11-14,-0.0,1.053262644989149,1.0,0.0,1.0,0.0,0.0,0.0,19.48739728904376,0.5468195671917748
2022-11-15,-0.0,1.053262644989149,1.0,0.0,1.0,0.0,0.0,0.0,16.796136467042263,0.5356057760801493
2022-11-16,-0.0,1.053262644989149,1.0,0.0,1.0,0.0,0.0,0.0,18.28315217961425,0.5430926420773012
2022-11-17,0.0,1.053262644989149,1.0,0.0,1.0,0.0,0.0,0.0,16.723902791901175,0.5567203954106337
2022-11-18,0.0,1.053262644989149,1.0,0.0,1.0,0.0,0.0,0.0,16.223821636144116,0.5683005318313323
2022-11-21,0.0,1.053262644989149,1.0,0.0,1.0,0.0,0.0,0.0,13.982482977305509,0.5754358492556017
2022-11-22,0.0,1.053262644989149,1.0,0.0,1.0,0.0,0.0,0.0,14.719112556226495,0.5850435942574476
2022-11-23,0.0,1.053262644989149,1.0,0.0,1.0,0.0,0.0,0.0,14.753245477956996,0.591889166745225
2022-11-25,0.0,1.053262644989149,1.0,0.0,1.0,0.0,0.0,0.0,14.639352020128518,0.5988243247576797
2022-11-28,0.0,1.053262644989149,1.0,0.0,1.0,0.0,0.0,0.0,15.023598751207782,0.6043768174169944
2022-11-29,-0.0,1.053262644989149,1.0,0.0,1.0,0.0,0.0,0.0,15.424686342403987,0.6086815508159614
2022-11-30,0.0,1.053262644989149,1.0,0.0,1.0,0.0,0.0,0.0,16.1835601726092,0.6127819509739059
2022-12-01,0.0,1.053262644989149,1.0,0.0,1.0,0.0,0.0,0.0,14.396814952608443,0.6180943971228315
2022-12-02,0.0,1.053262644989149,1.0,0.0,1.0,0.0,0.0,0.0,14.789314843289347,0.6162856122345632
2022-12-05,-0.0,1.053262644989149,1.0,0.0,1.0,0.0,0.0,0.0,13.722996692459875,0.6138319621242084
2022-12-06,0.0,1.053262644989149,1.0,0.0,1.0,0.0,0.0,0.0,14.800425436004685,0.6094142134403138
2022-12-07,0.0,1.053262644989149,1.0,0.0,1.0,0.0,0.0,0.0,13.66557755463098,0.6038269965665327
2022-12-08,0.0,1.053262644989149,1.0,0.0,1.0,0.0,0.0,0.0,16.561313703790894,0.5965679879976264
2022-12-09,-0.0,1.053262644989149,1.0,0.0,1.0,0.0,0.0,0.0,16.273353924784082,0.5881715725785085
2022-12-12,0.0,1.053262644989149,1.0,0.0,1.0,0.0,0.0,0.0,15.63527999862069,0.5771202431286142
2022-12-13,0.0,1.053262644989149,1.0,0.0,1.0,0.0,0.0,0.0,14.600855805009132,0.5595784411502976
2022-12-14,0.0,1.053262644989149,1.0,0.0,1.0,0.0,0.0,0.0,17.181606376338276,0.5425396794787466
2022-12-15,-0.0,1.053262644989149,1.0,0.0,1.0,0.0,0.0,0.0,18.608535151428235,0.5210460386070502
2022-12-16,-0.0,1.053262644989149,1.0,0.0,1.0,0.0,0.0,0.0,23.80877970095665,0.49733528581654723
2022-12-19,-0.0,1.053262644989149,1.0,0.0,1.0,0.0,0.0,0.0,25.6069077647238,0.47186685866817085
2022-12-20,-0.0,1.053262644989149,1.0,0.0,1.0,0.0,1.0,1.0,26.947878480800586,0.4417663753760753
2022-12-21,0.0,1.053262644989149,1.0,0.0,1.0,0.0,1.0,1.0,30.53269854738581,0.40166784529828
2022-12-22,-0.0,1.053262644989149,1.0,0.0,1.0,0.0,1.0,1.0,33.92230845219076,0.35342440889993004
2022-12-23,0.0,1.053262644989149,1.0,0.0,1.0,0.0,1.0,1.0,52.755851231527416,0.3106106355763213
2022-12-27,0.0,1.053262644989149,1.0,0.0,1.0,0.0,1.0,1.0,48.30939896165333,0.27094587001050213
2022-12-28,-0.0,1.053262644989149,0.0,0.0,1.0,0.0,1.0,1.0,59.562400644990376,0.22898197324681993
2022-12-29,0.0,1.053262644989149,0.0,0.0,0.0,0.0,1.0,0.0,72.76705593536593,0.18061604257750857
2022-12-30,-0.0,1.053262644989149,0.0,0.0,1.0,0.0,1.0,1.0,49.83799761416821,0.13927754119376803
2023-01-03,-0.0,1.053262644989149,0.0,0.0,0.0,0.0,1.0,0.0,61.71439682772073,0.10582335204984057
2023-01-04,0.0,1.053262644989149,0.0,0.0,1.0,0.0,1.0,1.0,53.166203541367125,0.08419029017846602
2023-01-05,-0.0,1.053262644989149,0.0,0.0,1.0,0.0,1.0,1.0,36.93410512522685,0.08281940960244077
2023-01-06,0.0,1.053262644989149,0.0,0.0,1.0,0.0,1.0,1.0,34.858596964213255,0.09526299767116904
2023-01-09,-0.0,1.053262644989149,0.0,0.0,1.0,0.0,1.0,1.0,28.980484570017406,0.12626849048446911
2023-01-10,-0.0,1.053262644989149,0.0,0.0,1.0,0.0,1.0,1.0,20.624161431531892,0.1642175076957757
2023-01-11,-0.0,1.053262644989149,0.0,0.0,1.0,0.0,1.0,1.0,14.243073692232919,0.18280200593099624
2023-01-12,-0.0,1.053262644989149,0.0,0.0,1.0,0.0,1.0,1.0,14.085812146436004,0.19604110107869982
2023-01-13,0.0,1.053262644989149,0.0,0.0,1.0,0.0,1.0,1.0,12.611723714876417,0.2137037453919477
2023-01-17,0.0,1.053262644989149,0.0,0.0,1.0,0.0,1.0,1.0,11.639976843952251,0.22990584350957752
2023-01-18,-0.0,1.053262644989149,0.0,0.0,1.0,0.0,1.0,1.0,10.726432133993482,0.24082222695962285
2023-01-19,0.0,1.053262644989149,0.0,0.0,1.0,1.0,1.0,1.0,8.5671867296565,0.2481672720164298
2023-01-20,0.0,1.053262644989149,0.0,0.0,1.0,1.0,1.0,1.0,8.083089094544487,0.2696211195352554
2023-01-23,0.0,1.053262644989149,0.0,0.0,1.0,0.0,1.0,1.0,8.088314727773591,0.2958053648186711
2023-01-24,0.0,1.053262644989149,0.0,0.0,1.0,0.0,1.0,1.0,11.866347633835197,0.31445357589809597
2023-01-25,0.0,1.053262644989149,0.0,0.0,1.0,0.0,1.0,1.0,12.627360934713733,0.3164954722043335
2023-01-26,0.0,1.053262644989149,0.0,0.0,1.0,0.0,1.0,1.0,12.409455283283728,0.32422053418006647
2023-01-27,-0.0,1.053262644989149,0.0,0.0,1.0,0.0,1.0,1.0,13.304549409927544,0.3342889442412035
2023-01-30,0.0,1.053262644989149,0.0,0.0,1.0,0.0,1.0,1.0,10.71411333104395,0.34767827868873086
2023-01-31,0.0,1.053262644989149,0.0,0.0,1.0,0.0,1.0,1.0,9.497905608539572,0.3486693149873358
2023-02-01,-0.0,1.053262644989149,0.0,1.0,1.0,0.0,1.0,1.0,8.35483048758127,0.34700912009485807
2023-02-02,-0.0,1.053262644989149,0.0,0.0,1.0,0.0,1.0,1.0,8.027987682249506,0.3394287848991169
2023-02-03,-0.0,1.053262644989149,0.0,0.0,1.0,1.0,1.0,1.0,7.515597876657951,0.3336832228760272
2023-02-06,0.0,1.053262644989149,0.0,0.0,1.0,1.0,1.0,1.0,5.737346520657949,0.3226203607255329
2023-02-07,-0.0,1.053262644989149,0.0,0.0,0.0,1.0,1.0,0.0,4.806315026972558,0.3061721783172759
2023-02-08,-0.0,1.053262644989149,0.0,0.0,0.0,1.0,1.0,0.0,3.6473171312724584,0.289980215605869
2023-02-09,-0.0,1.053262644989149,0.0,0.0,0.0,1.0,1.0,0.0,4.783585770469339,0.299331055452718
2023-02-10,-0.0,1.053262644989149,0.0,0.0,1.0,0.0,1.0,1.0,8.582090400958219,0.2806359037575754
2023-02-13,0.0,1.053262644989149,1.0,0.0,1.0,0.0,1.0,1.0,8.600882010720388,0.29077109645147986
2023-02-14,-0.0,1.053262644989149,1.0,0.0,1.0,0.0,1.0,1.0,11.030218471325066,0.2944615856075669
2023-02-15,-0.0,1.053262644989149,1.0,0.0,1.0,0.0,1.0,1.0,6.886955477434519,0.3065209764623326
2023-02-16,-0.0,1.053262644989149,1.0,0.0,1.0,0.0,1.0,1.0,7.028225885040837,0.31366329775455
2023-02-17,0.0,1.053262644989149,1.0,0.0,1.0,0.0,1.0,1.0,7.475755061402184,0.32002010456360064
2023-02-21,-0.0,1.053262644989149,1.0,0.0,1.0,0.0,1.0,1.0,8.600831043248888,0.3394300478099845
2023-02-22,0.0,1.053262644989149,1.0,0.0,1.0,0.0,1.0,1.0,6.661756223670075,0.3440968240204221
2023-02-23,0.0,1.053262644989149,1.0,0.0,1.0,0.0,1.0,1.0,8.117021595656958,0.3623459958363167
2023-02-24,-0.0,1.053262644989149,1.0,0.0,1.0,0.0,1.0,1.0,8.614930759621473,0.37520971137323983
2023-02-27,-0.0,1.053262644989149,1.0,0.0,1.0,0.0,1.0,1.0,8.813343485295606,0.3883300342368422
2023-02-28,-0.0,1.053262644989149,1.0,0.0,1.0,0.0,1.0,1.0,10.194480145587919,0.4087913403069565
2023-03-01,-0.0,1.053262644989149,1.0,0.0,1.0,0.0,1.0,1.0,14.123624481325441,0.42386605011176604
2023-03-02,0.0,1.053262644989149,1.0,0.0,1.0,0.0,1.0,1.0,11.785003098625454,0.4266179020893447
2023-03-03,-0.0,1.053262644989149,1.0,0.0,1.0,0.0,1.0,1.0,13.26341902402184,0.4254798539482236
2023-03-06,0.0,1.053262644989149,1.0,0.0,1.0,0.0,1.0,1.0,13.743539156393682,0.42126224498355946
2023-03-07,-0.0,1.053262644989149,1.0,0.0,1.0,0.0,1.0,1.0,15.250603372537448,0.4157700746634174
2023-03-08,-0.0,1.053262644989149,1.0,0.0,1.0,0.0,1.0,1.0,10.257700661962383,0.4084868657895042
2023-03-09,-0.0,1.053262644989149,1.0,0.0,1.0,0.0,1.0,1.0,10.685778493926492,0.40490257084592274
2023-03-10,-0.0,1.053262644989149,1.0,0.0,1.0,0.0,1.0,1.0,11.664697602023749,0.4032626170894299
2023-03-13,0.0,1.053262644989149,1.0,0.0,1.0,0.0,1.0,1.0,12.524050349777678,0.4049681420292207
2023-03-14,0.0,1.053262644989149,1.0,0.0,1.0,0.0,1.0,1.0,13.767372991546225,0.40321107126932487
2023-03-15,0.0,1.053262644989149,1.0,0.0,1.0,0.0,1.0,1.0,12.484031045534515,0.40734032012446414
2023-03-16,0.0,1.053262644989149,1.0,0.0,1.0,0.0,1.0,1.0,11.426869961167695,0.41904388527004444
2023-03-17,-0.0,1.053262644989149,1.0,0.0,1.0,0.0,1.0,1.0,13.983838656351278,0.4262964550125322
2023-03-20,0.0,1.053262644989149,1.0,0.0,1.0,0.0,1.0,1.0,12.488067009162032,0.4345094009988543
2023-03-21,-0.0,1.053262644989149,1.0,0.0,1.0,0.0,1.0,1.0,12.273327810778639,0.4462013168600942
2023-03-22,-0.0,1.053262644989149,1.0,0.0,1.0,0.0,0.0,0.0,11.734541478073659,0.4610259966027533
2023-03-23,-0.0,1.053262644989149,1.0,0.0,1.0,0.0,0.0,0.0,12.88452726773455,0.4618101971627829
2023-03-24,0.0,1.053262644989149,1.0,0.0,1.0,0.0,0.0,0.0,11.532479426003341,0.46566305552528314
2023-03-27,0.0,1.053262644989149,1.0,0.0,1.0,0.0,0.0,0.0,10.330115405063996,0.4676722660763928
2023-03-28,0.0,1.053262644989149,0.0,0.0,1.0,0.0,0.0,0.0,10.880945618185278,0.4685149426917729
2023-03-29,0.0,1.053262644989149,0.0,0.0,1.0,0.0,0.0,0.0,9.058054808380644,0.46676592991569904
2023-03-30,-0.0,1.053262644989149,0.0,0.0,1.0,0.0,0.0,0.0,8.51911596316752,0.46540196022289526
2023-03-31,0.0,1.053262644989149,0.0,0.0,1.0,0.0,0.0,0.0,9.05233839001582,0.4664435634211214
2023-04-03,0.0,1.053262644989149,0.0,0.0,1.0,0.0,0.0,0.0,8.511235002372539,0.4657422907596879
2023-04-04,-0.0,1.053262644989149,0.0,0.0,1.0,0.0,0.0,0.0,8.833016687903104,0.46526948366965915
2023-04-05,0.0,1.053262644989149,0.0,0.0,1.0,0.0,0.0,0.0,8.027919372811082,0.4663818053374539
2023-04-06,-0.0,1.053262644989149,0.0,0.0,1.0,0.0,0.0,0.0,8.56021127244691,0.4730033456770649
2023-04-10,-0.0,1.053262644989149,0.0,0.0,1.0,0.0,0.0,0.0,8.552446400560354,0.4774163795968649
2023-04-11,-0.0,1.053262644989149,0.0,0.0,1.0,0.0,0.0,0.0,8.699893578105938,0.48184653919482867
2023-04-12,0.0,1.053262644989149,0.0,0.0,1.0,0.0,0.0,0.0,8.952414688061747,0.48673453016312695
2023-04-13,0.0,1.053262644989149,0.0,0.0,1.0,0.0,0.0,0.0,8.360376563540228,0.492712648322824
2023-04-14,-0.0,1.053262644989149,0.0,0.0,1.0,1.0,0.0,0.0,8.190777894512205,0.5019364618784041
2023-04-17,0.0,1.053262644989149,0.0,0.0,1.0,0.0,0.0,0.0,9.858719454995029,0.5061411507436948
2023-04-18,0.0,1.053262644989149,0.0,0.0,1.0,0.0,0.0,0.0,9.606101957550273,0.5298145842994636
2023-04-19,0.0,1.053262644989149,0.0,0.0,1.0,1.0,0.0,0.0,9.11333644036438,0.541668019474087
2023-04-20,0.0,1.053262644989149,0.0,0.0,1.0,0.0,0.0,0.0,8.006883933094816,0.5412570899262827
2023-04-21,0.0,1.053262644989149,0.0,0.0,1.0,1.0,0.0,0.0,8.26858375913772,0.5292659811603405
2023-04-24,-0.0,1.053262644989149,0.0,0.0,1.0,1.0,0.0,0.0,8.130968708868833,0.5172575950709123
2023-04-25,-0.0,1.053262644989149,0.0,0.0,1.0,0.0,0.0,0.0,7.043348129486991,0.4998991113430286
2023-04-26,-0.0,1.053262644989149,0.0,0.0,1.0,0.0,0.0,0.0,6.949507143189948,0.4672598200220041
2023-04-27,0.0,1.053262644989149,0.0,0.0,0.0,1.0,1.0,0.0,4.662431797331811,0.40184565572405095
2023-04-28,0.0,1.053262644989149,0.0,0.0,0.0,1.0,1.0,0.0,3.797768286934418,0.3295158079927325
2023-05-01,0.0,1.053262644989149,0.0,0.0,0.0,1.0,1.0,0.0,3.4013479851304327,0.25954819389164463
2023-05-02,-0.0,1.053262644989149,0.0,0.0,0.0,1.0,1.0,0.0,3.6781489772558853,0.19497429390685866
2023-05-03,-0.0,1.053262644989149,0.0,0.0,0.0,1.0,1.0,0.0,3.607098645327444,0.15154329607902767
2023-05-04,-0.0,1.053262644989149,0.0,0.0,0.0,0.0,1.0,0.0,3.8981898118722014,0.131252611566258
2023-05-05,0.0,1.053262644989149,0.0,0.0,0.0,0.0,1.0,0.0,4.1073538473635,0.15389025123277347
2023-05-08,-0.0,1.053262644989149,0.0,0.0,0.0,0.0,1.0,0.0,4.777549577942188,0.21033294937844244
2023-05-09,-0.0,1.053262644989149,0.0,0.0,1.0,0.0,1.0,1.0,5.472677531600212,0.28677138214308906
2023-05-10,0.0,1.053262644989149,0.0,0.0,1.0,0.0,1.0,1.0,5.630389889567629,0.33767927343965604
2023-05-11,0.0,1.053262644989149,0.0,0.0,1.0,0.0,1.0,1.0,10.41669383231454,0.39414294799659294
2023-05-12,0.0,1.053262644989149,0.0,0.0,1.0,0.0,1.0,1.0,9.922584261455883,0.44538595391116176
2023-05-15,-0.0,1.053262644989149,0.0,0.0,1.0,0.0,0.0,0.0,9.754153309207691,0.48460404572468885
2023-05-16,-0.0,1.053262644989149,0.0,0.0,1.0,0.0,0.0,0.0,9.18323779074225,0.5186044088430102
2023-05-17,0.0,1.053262644989149,0.0,0.0,1.0,0.0,0.0,0.0,10.509292622707328,0.5373614001985783
2023-05-18,-0.0,1.053262644989149,0.0,0.0,1.0,0.0,0.0,0.0,14.499783456879806,0.5626668742475763
2023-05-19,0.0,1.053262644989149,0.0,0.0,1.0,0.0,0.0,0.0,12.247643833847679,0.5760771396595751
2023-05-22,-0.0,1.053262644989149,0.0,0.0,1.0,0.0,0.0,0.0,15.150524514631517,0.5877140413888852
2023-05-23,-0.0,1.053262644989149,0.0,0.0,1.0,0.0,0.0,0.0,16.155192207228364,0.5951706566521825
2023-05-24,-0.0,1.053262644989149,0.0,0.0,1.0,0.0,0.0,0.0,15.771389447835638,0.600574481608036
2023-05-25,-0.0,1.053262644989149,0.0,0.0,1.0,0.0,0.0,0.0,16.915996574907055,0.6054102667941582
2023-05-26,-0.0,1.053262644989149,0.0,0.0,1.0,0.0,0.0,0.0,20.819873298544035,0.6093364590920429
2023-05-30,-0.0,1.053262644989149,0.0,0.0,1.0,0.0,0.0,0.0,26.521858525280507,0.613121524080247
2023-05-31,-0.0,1.053262644989149,0.0,0.0,1.0,0.0,0.0,0.0,31.133462536469803,0.6183517565098423
2023-06-01,0.0,1.053262644989149,0.0,1.0,1.0,0.0,0.0,0.0,34.71412180835591,0.6253301652250914
2023-06-02,0.0,1.053262644989149,0.0,1.0,0.0,0.0,0.0,0.0,75.7303474832422,0.6258753288090478
2023-06-05,-0.0,1.053262644989149,1.0,0.0,0.0,0.0,0.0,0.0,63.196838129037005,0.6267677279617618
2023-06-06,-0.0,1.053262644989149,1.0,0.0,1.0,0.0,0.0,0.0,22.57899187218734,0.6177657977053627
2023-06-07,0.0,1.053262644989149,1.0,0.0,1.0,0.0,0.0,0.0,34.084489043754346,0.6120085818058784
2023-06-08,-0.0,1.053262644989149,0.0,0.0,1.0,0.0,0.0,0.0,25.539403708371715,0.6040514836902796
2023-06-09,0.0,1.053262644989149,0.0,0.0,1.0,0.0,0.0,0.0,20.395672039295132,0.5884539735183557
2023-06-12,-0.0,1.053262644989149,0.0,0.0,1.0,0.0,0.0,0.0,27.66581956127214,0.5817435784694026
2023-06-13,0.0,1.053262644989149,0.0,0.0,1.0,0.0,0.0,0.0,26.577004818518752,0.5723842151873694
2023-06-14,0.0,1.053262644989149,0.0,0.0,1.0,0.0,0.0,0.0,28.438247631757,0.5632938146327003
2023-06-15,0.0,1.053262644989149,0.0,0.0,1.0,0.0,0.0,0.0,22.54611547041172,0.5579580010009492
2023-06-16,0.0,1.053262644989149,0.0,0.0,1.0,0.0,0.0,0.0,25.263415242140358,0.5479391212839481
2023-06-20,-0.0,1.053262644989149,0.0,0.0,1.0,0.0,0.0,0.0,23.18087322393367,0.5353606473567886
2023-06-21,0.0,1.053262644989149,0.0,0.0,1.0,0.0,0.0,0.0,20.04148338789703,0.5208276662541258
2023-06-22,0.0,1.053262644989149,0.0,0.0,1.0,0.0,0.0,0.0,20.52874214214655,0.511301799167925
2023-06-23,-0.0,1.053262644989149,0.0,0.0,1.0,0.0,0.0,0.0,18.303214465502922,0.5030663896176337
2023-06-26,0.0,1.053262644989149,0.0,0.0,1.0,0.0,0.0,0.0,17.742023852979838,0.49706267086807276
2023-06-27,-0.0,1.053262644989149,0.0,0.0,1.0,0.0,0.0,0.0,17.71070002073802,0.4902496437391633
2023-06-28,-0.0,1.053262644989149,0.0,0.0,1.0,0.0,0.0,0.0,15.891563664681083,0.49647031974129746
2023-06-29,-0.0,1.053262644989149,0.0,0.0,1.0,0.0,0.0,0.0,18.236311243976118,0.4942459189928446
2023-06-30,0.0,1.053262644989149,0.0,1.0,1.0,0.0,0.0,0.0,15.514236057758326,0.4964340852515249
2023-07-03,0.0,1.053262644989149,0.0,1.0,1.0,0.0,0.0,0.0,17.47808467395492,0.48562512830359694
2023-07-05,0.0,1.053262644989149,0.0,1.0,1.0,0.0,0.0,0.0,17.11526383889138,0.4731692875039904
2023-07-06,-0.0,1.053262644989149,0.0,0.0,1.0,0.0,0.0,0.0,15.493556337758385,0.47254210424110143
2023-07-07,-0.0,1.053262644989149,0.0,1.0,1.0,0.0,0.0,0.0,13.043531504371066,0.4738295394814261
2023-07-10,-0.0,1.053262644989149,0.0,1.0,1.0,0.0,0.0,0.0,14.21581752404703,0.4757395545274803
2023-07-11,0.0,1.053262644989149,0.0,1.0,1.0,0.0,0.0,0.0,11.652245582338532,0.48099226000163287
2023-07-12,0.0,1.053262644989149,1.0,1.0,1.0,0.0,0.0,0.0,14.124774698593107,0.47300672357018814
2023-07-13,0.0,1.053262644989149,1.0,1.0,1.0,0.0,0.0,0.0,10.569054213369597,0.47273140513711515
2023-07-14,0.0,1.053262644989149,1.0,1.0,1.0,0.0,0.0,0.0,7.71074913160952,0.4548377477698847
2023-07-17,0.0,1.053262644989149,1.0,1.0,1.0,0.0,1.0,1.0,7.750038133840024,0.44296583190572336
2023-07-18,-0.0,1.053262644989149,1.0,0.0,1.0,1.0,1.0,1.0,5.954637675749832,0.4252843438584085
2023-07-19,0.0,1.053262644989149,1.0,0.0,0.0,1.0,1.0,0.0,4.5178596189645726,0.3774648994635596
2023-07-20,0.0,1.053262644989149,1.0,0.0,0.0,1.0,1.0,0.0,3.6476323883492427,0.3302582839267945
2023-07-21,-0.0,1.053262644989149,1.0,0.0,0.0,0.0,1.0,0.0,2.948606536195684,0.2822946617983437
2023-07-24,-0.0,1.053262644989149,1.0,0.0,0.0,1.0,1.0,0.0,3.9819759503023042,0.2429967136939373
2023-07-25,-0.0,1.053262644989149,1.0,0.0,0.0,1.0,1.0,0.0,3.5284456693026476,0.22887476866344988
2023-07-26,0.0,1.053262644989149,1.0,0.0,0.0,1.0,1.0,0.0,3.301069253798112,0.21708835358877165
2023-07-27,-0.0,1.053262644989149,1.0,0.0,0.0,1.0,1.0,0.0,2.7957421381315157,0.20380962971804745
2023-07-28,-0.0,1.053262644989149,1.0,0.0,0.0,0.0,1.0,0.0,2.321491237686482,0.21330176436151765
2023-07-31,-0.0,1.053262644989149,1.0,0.0,0.0,1.0,1.0,0.0,2.385052284601477,0.2281111769581411
2023-08-01,-0.0,1.053262644989149,1.0,0.0,0.0,1.0,1.0,0.0,2.284824318929917,0.2383388361171129
2023-08-02,0.0,1.053262644989149,1.0,0.0,0.0,1.0,1.0,0.0,2.335105812994725,0.2518675288154273
2023-08-03,-0.0,1.053262644989149,1.0,0.0,0.0,1.0,1.0,0.0,2.298032455384607,0.26823170270721264
2023-08-04,-0.0,1.053262644989149,1.0,0.0,0.0,1.0,1.0,0.0,2.149436133700664,0.2826414554513534
2023-08-07,0.0,1.053262644989149,1.0,0.0,0.0,1.0,1.0,0.0,2.424690933481529,0.2938522387343939
2023-08-08,-0.0,1.053262644989149,1.0,0.0,0.0,1.0,1.0,0.0,2.3835102335499547,0.30116894324855004
2023-08-09,0.0,1.053262644989149,1.0,0.0,0.0,1.0,1.0,0.0,2.370838898216517,0.30077239694258956
2023-08-10,-0.0,1.053262644989149,1.0,0.0,0.0,1.0,1.0,0.0,2.3319687932239037,0.30691715419726157
2023-08-11,0.0,1.053262644989149,1.0,0.0,0.0,1.0,1.0,0.0,2.337592623062144,0.3090219720522818
2023-08-14,-0.0,1.053262644989149,1.0,0.0,0.0,1.0,1.0,0.0,2.513554344090375,0.3053749781463435
2023-08-15,-0.0,1.053262644989149,1.0,0.0,0.0,1.0,1.0,0.0,2.6142425552956174,0.30296495265459483
2023-08-16,0.0,1.053262644989149,1.0,0.0,0.0,1.0,1.0,0.0,2.6452059018424094,0.3016822697862461
2023-08-17,0.0,1.053262644989149,1.0,0.0,0.0,1.0,1.0,0.0,2.7737779850853324,0.3012446520380721
2023-08-18,0.0,1.053262644989149,1.0,0.0,0.0,1.0,1.0,0.0,2.889465857035953,0.3020985632785023
2023-08-21,-0.0,1.053262644989149,1.0,0.0,0.0,0.0,1.0,0.0,3.734084951968637,0.29742199634421457
2023-08-22,-0.0,1.053262644989149,1.0,0.0,1.0,0.0,1.0,1.0,6.041559968702644,0.29202569804178
2023-08-23,-0.0,1.053262644989149,1.0,0.0,1.0,0.0,1.0,1.0,5.841254527610365,0.29912545677444136
2023-08-24,-0.0,1.053262644989149,1.0,0.0,1.0,0.0,1.0,1.0,6.385852629601518,0.30558654536945495
2023-08-25,0.0,1.053262644989149,1.0,0.0,1.0,0.0,1.0,1.0,5.380926758388996,0.3040338317794839
2023-08-28,0.0,1.053262644989149,1.0,0.0,1.0,0.0,1.0,1.0,5.5428452970534074,0.30682397858033
2023-08-29,-0.0,1.053262644989149,0.0,0.0,1.0,0.0,1.0,1.0,5.0797218060861224,0.3037603153891924
2023-08-30,-0.0,1.053262644989149,0.0,0.0,1.0,0.0,1.0,1.0,5.7562775133235675,0.2994093461698559
2023-08-31,-0.0,1.053262644989149,0.0,0.0,1.0,0.0,1.0,1.0,5.471590911966519,0.2882134012889625
2023-09-01,-0.0,1.053262644989149,0.0,0.0,1.0,0.0,1.0,1.0,5.619143944525453,0.2827799342767649
2023-09-05,-0.0,1.053262644989149,0.0,0.0,1.0,0.0,1.0,1.0,5.680431006783742,0.2745545319722115
2023-09-06,-0.0,1.053262644989149,0.0,0.0,1.0,0.0,1.0,1.0,5.794787713416411,0.26691197746084105
2023-09-07,-0.0,1.053262644989149,0.0,0.0,1.0,0.0,1.0,1.0,5.663284332241326,0.26402578456057435
2023-09-08,0.0,1.053262644989149,0.0,1.0,1.0,0.0,1.0,1.0,5.461783967486493,0.2584306559963898
2023-09-11,0.0,1.053262644989149,0.0,1.0,1.0,0.0,1.0,1.0,5.56117002989858,0.25783281947349945
2023-09-12,-0.0,1.053262644989149,0.0,1.0,1.0,0.0,1.0,1.0,5.622560805746043,0.2589239838169698
2023-09-13,0.0,1.053262644989149,0.0,1.0,1.0,0.0,1.0,1.0,6.002462370202146,0.27388979381062256
2023-09-14,0.0,1.053262644989149,0.0,1.0,1.0,0.0,1.0,1.0,6.9745325933312,0.30198881674424527
2023-09-15,-0.0,1.053262644989149,0.0,1.0,1.0,0.0,1.0,1.0,8.336793880881467,0.3370670353398261
2023-09-18,0.0,1.053262644989149,0.0,1.0,1.0,0.0,1.0,1.0,8.400874336471244,0.38159126175035923
2023-09-19,-0.0,1.053262644989149,0.0,1.0,1.0,0.0,1.0,1.0,9.56608425706505,0.4246825754950624
2023-09-20,0.0,1.053262644989149,0.0,1.0,1.0,0.0,1.0,1.0,7.939764455080904,0.4475568717715328
2023-09-21,-0.0,1.053262644989149,0.0,1.0,1.0,0.0,0.0,0.0,7.749247148215405,0.4598736823353718
2023-09-22,0.0,1.053262644989149,0.0,1.0,1.0,0.0,0.0,0.0,7.713745415101995,0.4684025400429263
2023-09-25,-0.0,1.053262644989149,0.0,1.0,1.0,0.0,0.0,0.0,7.939496753815385,0.4778100656263302
2023-09-26,-0.0,1.053262644989149,0.0,1.0,1.0,0.0,0.0,0.0,7.826399187944559,0.4875425864088374
2023-09-27,-0.0,1.053262644989149,0.0,1.0,1.0,0.0,0.0,0.0,8.081938317599112,0.4927281522550979
2023-09-28,-0.0,1.053262644989149,0.0,1.0,1.0,0.0,0.0,0.0,8.602756763697224,0.49541248122201426
2023-09-29,0.0,1.053262644989149,0.0,1.0,1.0,0.0,0.0,0.0,8.459020906335388,0.4981946566589436
2023-10-02,-0.0,1.053262644989149,0.0,1.0,1.0,0.0,0.0,0.0,8.40876754058964,0.5065662278279169
2023-10-03,-0.0,1.053262644989149,0.0,1.0,1.0,0.0,0.0,0.0,8.312951346577414,0.506362785051376
2023-10-04,0.0,1.053262644989149,0.0,1.0,1.0,0.0,0.0,0.0,7.833661998153596,0.5049797564616967
2023-10-05,-0.0,1.053262644989149,0.0,1.0,1.0,0.0,0.0,0.0,9.312067414443971,0.49702358156876375
2023-10-06,0.0,1.053262644989149,0.0,1.0,1.0,0.0,0.0,0.0,12.862155296205543,0.48769809178216744
2023-10-09,-0.0,1.053262644989149,0.0,1.0,1.0,0.0,0.0,0.0,13.840968148449969,0.4800611441731657
2023-10-10,0.0,1.053262644989149,0.0,1.0,1.0,0.0,0.0,0.0,10.41692461036148,0.4903371044359599
2023-10-11,-0.0,1.053262644989149,0.0,1.0,1.0,0.0,0.0,0.0,16.404915874904326,0.4984973360236211
2023-10-12,-0.0,1.053262644989149,0.0,1.0,1.0,0.0,0.0,0.0,13.401103909324489,0.5009730210114103
2023-10-13,-0.0,1.053262644989149,0.0,1.0,1.0,0.0,0.0,0.0,13.04301900785535,0.4982777755134262
2023-10-16,0.0,1.053262644989149,1.0,1.0,1.0,0.0,0.0,0.0,11.774078113780117,0.4924687164712953
2023-10-17,0.0,1.053262644989149,1.0,1.0,1.0,0.0,0.0,0.0,13.475548323524297,0.49302548255786494
2023-10-18,-0.0,1.053262644989149,1.0,0.0,1.0,0.0,0.0,0.0,12.535633752140509,0.4898838598979231
2023-10-19,0.0,1.053262644989149,1.0,1.0,1.0,0.0,0.0,0.0,10.303089064347384,0.46827131147531764
2023-10-20,0.0,1.053262644989149,1.0,0.0,1.0,0.0,0.0,0.0,10.697836633895934,0.45834869857176674
2023-10-23,-0.0,1.053262644989149,1.0,0.0,1.0,0.0,1.0,1.0,9.443438343614343,0.44505531384758673
2023-10-24,0.0,1.053262644989149,1.0,0.0,1.0,0.0,1.0,1.0,10.621951107802825,0.43447276067105933
2023-10-25,0.0,1.053262644989149,1.0,0.0,1.0,0.0,1.0,1.0,9.486563672642504,0.42700445681485144
2023-10-26,-0.0,1.053262644989149,1.0,0.0,1.0,0.0,1.0,1.0,9.810150876846492,0.43338504713221665
2023-10-27,-0.0,1.053262644989149,1.0,0.0,1.0,0.0,1.0,1.0,12.127609499530768,0.4386505738379035
2023-10-30,0.0,1.053262644989149,1.0,0.0,1.0,0.0,0.0,0.0,12.006810810543039,0.4556584663006981
2023-10-31,0.0,1.053262644989149,1.0,0.0,1.0,0.0,0.0,0.0,12.326215898012581,0.47914597431042966
2023-11-01,-0.0,1.053262644989149,1.0,0.0,1.0,0.0,0.0,0.0,13.861219145277856,0.5053842531060534
2023-11-02,0.0,1.053262644989149,1.0,0.0,1.0,0.0,0.0,0.0,15.0714009754802,0.5341037702483132
2023-11-03,-0.0,1.053262644989149,1.0,0.0,1.0,0.0,0.0,0.0,11.973950634868931,0.5505231888958334
2023-11-06,0.0,1.053262644989149,1.0,0.0,1.0,0.0,0.0,0.0,12.778108298563405,0.5668418738618729
2023-11-07,0.0,1.053262644989149,1.0,0.0,1.0,0.0,0.0,0.0,11.40030453809574,0.5769679913214065
2023-11-08,-0.0,1.053262644989149,1.0,0.0,1.0,0.0,0.0,0.0,12.500814322075188,0.5907687849799036
2023-11-09,-0.0,1.053262644989149,1.0,0.0,1.0,0.0,0.0,0.0,12.75583603622573,0.6099563373720801
2023-11-10,-0.0,1.053262644989149,1.0,0.0,1.0,0.0,0.0,0.0,12.260655749621252,0.630321612908788
2023-11-13,0.0,1.053262644989149,1.0,0.0,1.0,0.0,0.0,0.0,10.651781644890972,0.6513335039359861
2023-11-14,0.0,1.053262644989149,1.0,0.0,1.0,0.0,0.0,0.0,8.943407094952763,0.6393967321963887
2023-11-15,0.0,1.053262644989149,1.0,0.0,1.0,0.0,0.0,0.0,9.231403322913271,0.6199600279078531
2023-11-16,-0.0,1.053262644989149,1.0,0.0,1.0,0.0,0.0,0.0,9.038837322737374,0.6003246151750534
2023-11-17,0.0,1.053262644989149,1.0,0.0,1.0,0.0,0.0,0.0,11.214780402169431,0.5757702088208931
2023-11-20,0.0,1.053262644989149,1.0,0.0,1.0,0.0,0.0,0.0,10.244370570174155,0.5554458775206708
2023-11-21,0.0,1.053262644989149,1.0,0.0,1.0,0.0,0.0,0.0,12.732294420401564,0.5322618087822861
2023-11-22,0.0,1.053262644989149,1.0,0.0,1.0,0.0,0.0,0.0,14.510378995163393,0.5079549999085899
2023-11-24,0.0,1.053262644989149,1.0,0.0,1.0,0.0,0.0,0.0,19.777245458793853,0.4812465039041629
2023-11-27,-0.0,1.053262644989149,1.0,0.0,1.0,0.0,0.0,0.0,21.237544906330736,0.45991252786484343
2023-11-28,0.0,1.053262644989149,1.0,0.0,1.0,0.0,1.0,1.0,25.456358668039268,0.44221980117559656
2023-11-29,-0.0,1.053262644989149,1.0,0.0,1.0,0.0,1.0,1.0,30.438567076863695,0.42916521540685154
2023-11-30,0.0,1.053262644989149,1.0,0.0,1.0,0.0,1.0,1.0,32.591909102609556,0.4268504634034436
2023-12-01,0.0,1.053262644989149,0.0,0.0,1.0,0.0,1.0,1.0,40.68487960343287,0.43706813729751404
2023-12-04,-0.0,1.053262644989149,0.0,0.0,1.0,0.0,1.0,1.0,48.97548524765399,0.4469082119647456
2023-12-05,0.0,1.053262644989149,0.0,0.0,1.0,0.0,1.0,1.0,55.340141839016276,0.4457499040979786
2023-12-06,-0.0,1.053262644989149,0.0,0.0,1.0,0.0,1.0,1.0,35.58010943025483,0.4433857552562163
2023-12-07,0.0,1.053262644989149,0.0,0.0,1.0,0.0,1.0,1.0,42.6770809958469,0.44347318123348184
2023-12-08,0.0,1.053262644989149,0.0,0.0,1.0,0.0,1.0,1.0,33.9824261242468,0.4352390862069771
2023-12-11,0.0,1.053262644989149,0.0,0.0,1.0,0.0,1.0,1.0,38.4947651487861,0.43023502719373186
2023-12-12,0.0,1.053262644989149,0.0,0.0,1.0,0.0,1.0,1.0,46.36847560519411,0.4245330768643497
2023-12-13,0.0,1.053262644989149,0.0,0.0,1.0,0.0,1.0,1.0,56.557717899039346,0.42844236346248743
2023-12-14,-0.0,1.053262644989149,0.0,0.0,0.0,0.0,1.0,0.0,94.32498459051683,0.4147349751388463
2023-12-15,-0.0,1.053262644989149,0.0,0.0,1.0,0.0,1.0,1.0,43.03119663851672,0.38884966086557365
2023-12-18,0.0,1.053262644989149,0.0,0.0,1.0,0.0,1.0,1.0,42.14795303699942,0.36304152870307416
2023-12-19,-0.0,1.053262644989149,0.0,0.0,1.0,0.0,1.0,1.0,37.06716762154117,0.3404289809474306
2023-12-20,-0.0,1.053262644989149,0.0,0.0,1.0,0.0,1.0,1.0,27.103621557732506,0.32331478374486716
2023-12-21,0.0,1.053262644989149,0.0,0.0,1.0,0.0,1.0,1.0,26.44729810079035,0.31826807444834265
2023-12-22,0.0,1.053262644989149,0.0,0.0,1.0,0.0,1.0,1.0,20.320689095611616,0.316432547300535
2023-12-26,0.0,1.053262644989149,0.0,0.0,1.0,0.0,1.0,1.0,18.676849594227473,0.3237623891537567
2023-12-27,0.0,1.053262644989149,0.0,0.0,1.0,0.0,1.0,1.0,19.9477066870239,0.34059334291909826
2023-12-28,0.0,1.053262644989149,0.0,0.0,1.0,0.0,1.0,1.0,15.813722343136378,0.3741153646413033
2023-12-29,0.0,1.053262644989149,0.0,0.0,1.0,1.0,1.0,1.0,13.565682954146208,0.39460993995504756
